{
  "HTTP Request for root path" : {
    "transaction" : "HTTP Request for root path",
    "sampleCount" : 8000,
    "errorCount" : 0,
    "errorPct" : 0.0,
    "meanResTime" : 195.37587499999967,
    "medianResTime" : 138.0,
    "minResTime" : 32.0,
    "maxResTime" : 2062.0,
    "pct1ResTime" : 463.0,
    "pct2ResTime" : 557.0,
    "pct3ResTime" : 790.9499999999989,
    "throughput" : 15.951793679500549,
    "receivedKBytesPerSec" : 6511.089113698403,
    "sentKBytesPerSec" : 1.8537728983013333
  },
  "Total" : {
    "transaction" : "Total",
    "sampleCount" : 8000,
    "errorCount" : 0,
    "errorPct" : 0.0,
    "meanResTime" : 195.37587499999967,
    "medianResTime" : 138.0,
    "minResTime" : 32.0,
    "maxResTime" : 2062.0,
    "pct1ResTime" : 463.0,
    "pct2ResTime" : 557.0,
    "pct3ResTime" : 790.9499999999989,
    "throughput" : 15.951793679500549,
    "receivedKBytesPerSec" : 6511.089113698403,
    "sentKBytesPerSec" : 1.8537728983013333
  }
}